7,0.687758,1500,63
GET~http://keyholesoftware.com
1642390068723906,0,GET~http://keyholesoftware.com,1749,380188
1642390069113691,1,GET~http://keyholesoftware.com,1126,380188
1642390069835295,0,GET~http://keyholesoftware.com,1104,380188
1642390070103762,2,GET~http://keyholesoftware.com,1113,380188
1642390070256553,1,GET~http://keyholesoftware.com,1127,380188
1642390070893465,0,GET~http://keyholesoftware.com,1029,380188
1642390071266749,3,GET~http://keyholesoftware.com,1062,380188
1642390071401530,2,GET~http://keyholesoftware.com,1161,380188
1642390071755598,1,GET~http://keyholesoftware.com,1145,380188
1642390072228645,0,GET~http://keyholesoftware.com,1075,380188
1642390072608472,4,GET~http://keyholesoftware.com,1262,380188
1642390072715605,3,GET~http://keyholesoftware.com,1337,380188
1642390072760671,2,GET~http://keyholesoftware.com,1319,380188
1642390073156192,1,GET~http://keyholesoftware.com,1196,380188
1642390073278611,5,GET~http://keyholesoftware.com,1222,380188
1642390073474208,0,GET~http://keyholesoftware.com,1181,380188
1642390073860724,4,GET~http://keyholesoftware.com,1191,380188
1642390074339078,3,GET~http://keyholesoftware.com,1565,380188
1642390074406473,2,GET~http://keyholesoftware.com,1595,380188
1642390074462165,6,GET~http://keyholesoftware.com,1460,380188
1642390074604364,1,GET~http://keyholesoftware.com,1408,380188
1642390074807567,5,GET~http://keyholesoftware.com,1489,380188
1642390075011001,0,GET~http://keyholesoftware.com,1492,380188
1642390075507217,4,GET~http://keyholesoftware.com,1589,380188
1642390075705740,6,GET~http://keyholesoftware.com,1202,380188
1642390075945755,3,GET~http://keyholesoftware.com,1548,380188
1642390075974296,2,GET~http://keyholesoftware.com,1502,380188
1642390076078715,1,GET~http://keyholesoftware.com,1440,380188
1642390076301533,5,GET~http://keyholesoftware.com,1434,380188
1642390076487520,0,GET~http://keyholesoftware.com,1430,380188
1642390077051581,4,GET~http://keyholesoftware.com,1508,380188
1642390077099806,6,GET~http://keyholesoftware.com,1359,380188
1642390077351903,3,GET~http://keyholesoftware.com,1329,380188
1642390077491350,2,GET~http://keyholesoftware.com,1482,380188
1642390077706496,1,GET~http://keyholesoftware.com,1590,380188
1642390078165283,5,GET~http://keyholesoftware.com,1795,380188
1642390078459170,0,GET~http://keyholesoftware.com,1676,380188
1642390078481056,4,GET~http://keyholesoftware.com,1405,380188
1642390078648720,6,GET~http://keyholesoftware.com,1405,380188
1642390079018567,3,GET~http://keyholesoftware.com,1390,380188
1642390079082566,2,GET~http://keyholesoftware.com,1586,380188
1642390079151768,1,GET~http://keyholesoftware.com,1389,380188
1642390079690080,5,GET~http://keyholesoftware.com,1521,380188
1642390079826780,0,GET~http://keyholesoftware.com,1271,380188
1642390079942413,6,GET~http://keyholesoftware.com,1233,380188
1642390080344342,4,GET~http://keyholesoftware.com,1848,380188
1642390080445480,3,GET~http://keyholesoftware.com,1325,380188
1642390080516585,2,GET~http://keyholesoftware.com,1384,380188
1642390080718788,1,GET~http://keyholesoftware.com,1517,380188
1642390081096100,5,GET~http://keyholesoftware.com,1361,380188
1642390081352180,0,GET~http://keyholesoftware.com,1480,380188
1642390081441740,6,GET~http://keyholesoftware.com,1464,380188
1642390081820719,3,GET~http://keyholesoftware.com,1319,380188
1642390081978270,4,GET~http://keyholesoftware.com,1588,380188
1642390082127726,2,GET~http://keyholesoftware.com,1557,380188
1642390082210161,1,GET~http://keyholesoftware.com,1449,380188
1642390082283441,5,GET~http://keyholesoftware.com,1151,380188
1642390082852644,0,GET~http://keyholesoftware.com,1483,380188
1642390083250091,3,GET~http://keyholesoftware.com,1424,380188
1642390083312624,6,GET~http://keyholesoftware.com,1803,380188
1642390083637114,1,GET~http://keyholesoftware.com,1369,380188
1642390083759662,4,GET~http://keyholesoftware.com,1637,380188
1642390083777590,2,GET~http://keyholesoftware.com,1640,380188
1642390083940148,5,GET~http://keyholesoftware.com,1610,380188
1642390084067654,0,GET~http://keyholesoftware.com,1162,380188
1642390084550852,6,GET~http://keyholesoftware.com,1144,380188
1642390084639903,3,GET~http://keyholesoftware.com,1347,380188
1642390085400627,5,GET~http://keyholesoftware.com,1255,380188
1642390085402912,1,GET~http://keyholesoftware.com,1761,380188
1642390085572287,4,GET~http://keyholesoftware.com,1656,380188
1642390085590150,2,GET~http://keyholesoftware.com,1793,380188
1642390085688642,0,GET~http://keyholesoftware.com,1559,380188
1642390085770931,6,GET~http://keyholesoftware.com,1168,380188
1642390086042580,3,GET~http://keyholesoftware.com,1349,380188
1642390086935094,0,GET~http://keyholesoftware.com,1196,380188
1642390087038678,1,GET~http://keyholesoftware.com,1535,380188
1642390087061940,5,GET~http://keyholesoftware.com,1591,380188
1642390087204470,2,GET~http://keyholesoftware.com,1535,380188
1642390087238986,6,GET~http://keyholesoftware.com,1386,380188
1642390087303352,4,GET~http://keyholesoftware.com,1682,380188
1642390087477001,3,GET~http://keyholesoftware.com,1397,380188
1642390088324119,5,GET~http://keyholesoftware.com,1219,380188
1642390088538087,1,GET~http://keyholesoftware.com,1455,380188
1642390088628469,3,GET~http://keyholesoftware.com,1114,380188
1642390088672002,0,GET~http://keyholesoftware.com,1702,380188
1642390088800390,6,GET~http://keyholesoftware.com,1531,380188
1642390088898510,2,GET~http://keyholesoftware.com,1661,380188
1642390088936449,4,GET~http://keyholesoftware.com,1605,380188
1642390089789810,5,GET~http://keyholesoftware.com,1336,380188
1642390090127047,6,GET~http://keyholesoftware.com,1250,380188
1642390090127557,1,GET~http://keyholesoftware.com,1536,380188
1642390090220598,3,GET~http://keyholesoftware.com,1580,380188
1642390090269187,0,GET~http://keyholesoftware.com,1566,380188
1642390090437150,4,GET~http://keyholesoftware.com,1451,380188
1642390090459857,2,GET~http://keyholesoftware.com,1490,380188
1642390091266579,1,GET~http://keyholesoftware.com,1111,380188
1642390091448861,3,GET~http://keyholesoftware.com,1191,380188
1642390091538024,5,GET~http://keyholesoftware.com,1714,380188
1642390091710010,6,GET~http://keyholesoftware.com,1542,380188
1642390091716204,2,GET~http://keyholesoftware.com,1182,380188
1642390091922878,4,GET~http://keyholesoftware.com,1438,380188
1642390092060272,0,GET~http://keyholesoftware.com,1756,380188
1642390092596257,3,GET~http://keyholesoftware.com,1121,380188
1642390092982631,5,GET~http://keyholesoftware.com,1434,380188
1642390093224080,6,GET~http://keyholesoftware.com,1451,380188
1642390093240619,2,GET~http://keyholesoftware.com,1465,380188
1642390093252375,1,GET~http://keyholesoftware.com,1939,380188
1642390093431340,4,GET~http://keyholesoftware.com,1471,380188
1642390093592950,0,GET~http://keyholesoftware.com,1510,380188
1642390094192768,3,GET~http://keyholesoftware.com,1317,380188
1642390094433033,5,GET~http://keyholesoftware.com,1421,380188
1642390094721594,1,GET~http://keyholesoftware.com,1438,380188
1642390094760418,2,GET~http://keyholesoftware.com,1498,380188
1642390094802362,6,GET~http://keyholesoftware.com,1556,380188
1642390094884014,0,GET~http://keyholesoftware.com,1257,380188
1642390094925035,4,GET~http://keyholesoftware.com,1470,380188
1642390095796304,3,GET~http://keyholesoftware.com,1572,380188
1642390096192313,1,GET~http://keyholesoftware.com,1424,380188
1642390096214155,5,GET~http://keyholesoftware.com,1729,380188
1642390096259858,6,GET~http://keyholesoftware.com,1412,380188
1642390096318340,2,GET~http://keyholesoftware.com,1526,380188
1642390096463315,0,GET~http://keyholesoftware.com,1557,380188
1642390096556061,4,GET~http://keyholesoftware.com,1609,380188
1642390097276724,3,GET~http://keyholesoftware.com,1474,380188
1642390097787270,4,GET~http://keyholesoftware.com,1226,380188
1642390097806376,6,GET~http://keyholesoftware.com,1525,380188
1642390097887896,5,GET~http://keyholesoftware.com,1637,380188
1642390097908980,0,GET~http://keyholesoftware.com,1429,380188
1642390097923774,1,GET~http://keyholesoftware.com,1682,380188
1642390098027585,2,GET~http://keyholesoftware.com,1676,380188
1642390099324917,3,GET~http://keyholesoftware.com,2044,380188
1642390099328382,1,GET~http://keyholesoftware.com,1397,380188
1642390099352241,5,GET~http://keyholesoftware.com,1443,380188
1642390099469880,4,GET~http://keyholesoftware.com,1661,380188
1642390099552997,2,GET~http://keyholesoftware.com,1497,380188
1642390099802822,6,GET~http://keyholesoftware.com,1790,380188
1642390099805023,0,GET~http://keyholesoftware.com,1891,380188
1642390100928696,5,GET~http://keyholesoftware.com,1175,380188
1642390101135704,4,GET~http://keyholesoftware.com,1653,380188
1642390101416734,1,GET~http://keyholesoftware.com,1873,380188
1642390101652507,3,GET~http://keyholesoftware.com,1902,380188
1642390101674022,2,GET~http://keyholesoftware.com,1674,380188
1642390101675132,6,GET~http://keyholesoftware.com,1612,380188
1642390101702232,0,GET~http://keyholesoftware.com,1610,380188
1642390102118019,5,GET~http://keyholesoftware.com,1133,380188
1642390102435943,4,GET~http://keyholesoftware.com,1230,380188
1642390103012433,1,GET~http://keyholesoftware.com,1589,380188
1642390103098672,3,GET~http://keyholesoftware.com,1394,380188
1642390103230760,0,GET~http://keyholesoftware.com,1458,380188
1642390103298255,6,GET~http://keyholesoftware.com,1573,380188
1642390103416524,2,GET~http://keyholesoftware.com,1687,380188
1642390103507843,5,GET~http://keyholesoftware.com,1345,380188
1642390103640245,4,GET~http://keyholesoftware.com,1161,380188
